,PLAYER,TEAM,STAT,THRESH,ODDS,TYPE,PROB,EV,HOUSE_PROB,team_fgm_mad,team_fgm_average,team_fga_mad,team_fga_average,team_fg3m_mad,team_fg3m_average,team_fg3a_mad,team_fg3a_average,team_points_mad,team_points_average,team_rebounds_mad,team_rebounds_average,team_assists_mad,team_assists_average,team_steals_mad,team_steals_average,team_blocks_mad,team_blocks_average,team_to_mad,oppteam_to_average
16,Jaden McDaniels,Timberwolves,rebounds,3.5,115,over,0.566529879633291,1.090196206057879,0.46511627906976744,2.965204437011204,40.48,5.930408874022408,83.44,2.965204437011204,12.68,7.41301109252801,33.44,7.41301109252801,110.72,5.930408874022408,42.16,2.965204437011204,26.6,2.965204437011204,8.52,2.965204437011204,5.56,2.965204437011204,11.92
17,Michael Porter Jr.,Nuggets,fgm,4.5,-160,over,0.7457851172240102,1.0595040774450828,0.6153846153846154,5.930408874022408,42.04,5.930408874022408,87.2,4.447806655516806,11.8,5.930408874022408,31.76,7.41301109252801,110.24,7.41301109252801,44.6,2.965204437011204,28.28,2.965204437011204,7.12,1.482602218505602,4.96,4.447806655516806,12.28
19,Naz Reid,Timberwolves,blocks,0.5,105,over,0.5852170883184187,0.9984751552637912,0.48780487804878053,2.965204437011204,40.48,5.930408874022408,83.44,2.965204437011204,12.68,7.41301109252801,33.44,7.41301109252801,110.72,5.930408874022408,42.16,2.965204437011204,26.6,2.965204437011204,8.52,2.965204437011204,5.56,2.965204437011204,11.92
20,Jamal Murray,Nuggets,points,19.5,-120,over,0.648112429677842,0.9410306053802193,0.5454545454545454,5.930408874022408,42.04,5.930408874022408,87.2,4.447806655516806,11.8,5.930408874022408,31.76,7.41301109252801,110.24,7.41301109252801,44.6,2.965204437011204,28.28,2.965204437011204,7.12,1.482602218505602,4.96,4.447806655516806,12.28
21,Mike Conley,Timberwolves,fg3m,2.5,135,over,0.5014635935134144,0.8921972237826195,0.425531914893617,2.965204437011204,40.48,5.930408874022408,83.44,2.965204437011204,12.68,7.41301109252801,33.44,7.41301109252801,110.72,5.930408874022408,42.16,2.965204437011204,26.6,2.965204437011204,8.52,2.965204437011204,5.56,2.965204437011204,11.92
22,Jamal Murray,Nuggets,blocks,0.5,160,over,0.4511883639059735,0.8654487307776559,0.3846153846153846,5.930408874022408,42.04,5.930408874022408,87.2,4.447806655516806,11.8,5.930408874022408,31.76,7.41301109252801,110.24,7.41301109252801,44.6,2.965204437011204,28.28,2.965204437011204,7.12,1.482602218505602,4.96,4.447806655516806,12.28
