,PLAYER,TEAM,STAT,THRESH,ODDS,TYPE,PROB,EV,HOUSE_PROB,PARLAY_ID,PARLAY_PROB,HOUSE_PARLAY_PROB,PARLAY_EV,TO_WIN
0,Obi Toppin,Pacers,points,7.5,-130,over,0.8618999066487378,2.6244991742003734,0.5652173913043479,1,0.09769501937710906,0.01725638982281988,4.6613822694198195,56.94954855954857
1,Payton Pritchard,Celtics,assists,2.5,-140,over,0.8415674019597683,2.213434873940873,0.5833333333333333,1,0.09769501937710906,0.01725638982281988,4.6613822694198195,56.94954855954857
2,Jayson Tatum,Celtics,points,29.5,-120,under,0.7691717428514041,2.050740976137872,0.5454545454545454,1,0.09769501937710906,0.01725638982281988,4.6613822694198195,56.94954855954857
3,T.J. McConnell,Pacers,fgm,4.5,105,over,0.6872816501433185,2.044636913969015,0.48780487804878053,1,0.09769501937710906,0.01725638982281988,4.6613822694198195,56.94954855954857
4,Pascal Siakam,Pacers,blocks,0.5,-185,under,0.6703200460356393,0.16327603027451953,0.6491228070175439,1,0.09769501937710906,0.01725638982281988,4.6613822694198195,56.94954855954857
5,Myles Turner,Pacers,points,15.5,-120,over,0.6285463439246328,0.7616748193091354,0.5454545454545454,1,0.09769501937710906,0.01725638982281988,4.6613822694198195,56.94954855954857
6,Payton Pritchard,Celtics,fg3m,1.5,-125,over,0.6047127189295851,0.44241447036626624,0.5555555555555556,1,0.09769501937710906,0.01725638982281988,4.6613822694198195,56.94954855954857
